Article,Topic,Summary
"Labor Management Committee","Committee Structure & Representation","Tentative Agreement: Up to 4 representatives per side with flexibility for additional participants by mutual agreement."
"Labor Management Committee","Meeting Frequency","Tentative Agreement: Monthly meetings for first year of Agreement, then quarterly thereafter, with flexibility for more or less frequent meetings by mutual agreement."
"Labor Management Committee","Union Representative Compensation","Tentative Agreement: No payment language included in final agreement (union proposal for PhD-level SGA payment not accepted)."
"Labor Management Committee","LMC Purpose & Scope","Tentative Agreement: Committee discusses matters of concern to either party but cannot discuss active grievances, bargain, or reopen agreement."
"Severability","Severability Scope","Tentative Agreement: If provision found contrary to law, it has no effect to extent consistent with court ruling; remainder continues in full force and effect."
"Severability","Renegotiation Obligation","Tentative Agreement: Parties agree to discuss and renegotiate affected provisions within 30 days following written request; renegotiation may be delayed/paused by mutual agreement."
"Accessibility","Non-Retaliation Protection","Union (08-26-24, Rejected): University shall not retaliate against GSW for non-completion of work due to lack of access to spaces and systems where work needs are met."
"Accessibility","Documentation Requirements","Union (08-26-24, Rejected): Formal medical documentation not required for flexible timelines/locations for specific conditions."
"Accessibility","Request Response Timeline","Union (08-26-24, Rejected): Access requests receive decision within 2 business days if approved immediately, 5 business days if not; if cannot meet request, explanation and alternative provided."
"Accessibility","Proactive Access - Physical Spaces","Union (08-26-24, Rejected): By start of contract, implement centralized processes for changing offices and classrooms to meet GSWs' physical, sensory and/or other health needs."
"Accessibility","Proactive Access - Communication Support","Union (08-26-24, Rejected): Provide and bear cost for ASL interpreters and CART services at any event upon request or where reasonable to expect D/deaf or Hard-of-Hearing person might attend."
"Accessibility","Proactive Access - Technology","Union (08-26-24, Rejected): Provide and bear cost for universal, modern text-to-speech and speech-to-text software usable on any device, including updates and new releases."
"Accessibility","Accessibility Audit","Union (08-26-24, Rejected): Complete annual accessibility audit on all campuses within one calendar year; committee with Union and University representatives reviews and makes recommendations."
"Accessibility","Accommodation Provider Notification","Union (08-26-24, Rejected): University provides GSWs receiving accommodations with names, contact info, schedules of service providers at least 24 hours ahead of usage."
"Accessibility","Staffing Requirements","Union (08-26-24, Rejected): Maintain at least 1 FTE staff for disability accommodations; full-time staff for implementing accessibility-related responsibilities; trained staff in disability lens and asset-based models."
"Appointment Security","Appointment Letter Timing","Union (03-11-25, Rejected): Appointment letters provided 45 calendar days before start for Instructors of Record, 30 calendar days for all others."
"Appointment Security","Salaried Worker Minimum Term","Union (03-11-25, Rejected): GSWs working 20+ hours/week must be salaried with minimum term of one academic term (fall, spring, summer 1, or summer 2)."
"Appointment Security","Appointment Letter Content - Flexibility","Union (03-11-25, Rejected): All information must be included in appointment letter; if supervisor and work schedule not known at time of letter, conveyed 10 business days before start."
"Appointment Security","Cross-Department Work Rights","Union (03-11-25, Rejected): No GSW shall be denied right to work within bargaining unit outside their program department as permissible by law."
"Appointment Security","CBA Reference Language","Union (03-11-25, Rejected): Appointment letters state position is 'covered by' a collective bargaining agreement with link to agreement."
"Appointments and Reappointments","Appointment Letter Timing","University (03-25-25): University makes reasonable efforts to provide letters 30 days before start; Instructors of Record receive assignments 45 days before fall/spring semesters."
"Appointments and Reappointments","Guaranteed Funding Notification","University (03-25-25): No guaranteed funding provisions included in University's proposal."
"Appointments and Reappointments","Appointment Letter Content Requirements","University (03-25-25): Letters include 6 basic items plus course assignment for TAs, link to union contract, and FERPA waiver information."
"Appointments and Reappointments","Written Appointment Procedures","University (03-25-25): No requirements for written departmental appointment procedures in University's proposal."
"Appointments and Reappointments","Minimum Appointment Term","University (03-25-25): All stipended appointments for at least 1 academic term; University makes reasonable efforts for longer terms when possible."
"Appointments and Reappointments","Union Contract Reference","University (03-25-25): Appointment letters must include link to union contract."
"Appointments and Reappointments","FERPA Waiver Information","University (03-25-25): Appointment letters must include information about submitting FERPA waiver for release of information to union."
"Hourly Assignments","Assignment Terms and Conditions","University (09-19-24): Length set in posting; subject to availability and funding; subject to change or cancellation; no guarantee of additional assignments; maintains work study rules."
"Artificial Intelligence","AI Definition and Scope","Union (01-28-25, Rejected): Comprehensive 5-part definition including machine learning, neural networks, cognitive systems, automated decision-making; excludes simple automation."
"Artificial Intelligence","Job Replacement Prohibition","Union (01-28-25, Rejected): University cannot use AI to replace any position governed by agreement or traditionally filled by GSW, directly or indirectly."
"Artificial Intelligence","Employment Decision Prohibition","Union (01-28-25, Rejected): AI cannot be used in hiring, position distribution, salaries, discipline, dismissals due to risks of discrimination."
"Artificial Intelligence","Monitoring Prohibition","Union (01-28-25, Rejected): AI cannot monitor GSW performance, location, device usage, or productivity; no AI monitoring software required on devices."
"Artificial Intelligence","Oversight and Approval Process","Union (01-28-25, Rejected): 3-month notice before AI implementation; must provide testing and performance data; Union approval required before implementation."
"Artificial Intelligence","Monitoring and Reporting Requirements","Union (01-28-25, Rejected): Appointed contact for AI accountability; semester reports on model performance; annual inventory and audits of all AI systems."
"Artificial Intelligence","AI Grievance Procedures","Union (01-28-25, Rejected): Pool of neutral experts; extended grievance timeline; expert access to AI system within 14 days; expert testimony at each step."
"Artificial Intelligence","Employee Data Prohibition","Union (01-28-25, Rejected): All GSW data prohibited from use in AI systems without explicit consent, regardless of purpose or anonymity."
"Artificial Intelligence","Digital Replicas - Definition and Prohibition","Union (01-28-25, Rejected): Defines Employment-Based and Independently Created Digital Replicas; University cannot use digital replica without consent and separate bargaining."
"Artificial Intelligence","Digital Alteration Prohibition","Union (01-28-25, Rejected): Cannot digitally alter audio, video, or recordings of GSWs without consent and bargaining; must include description of intended alterations."
"Automation","Automation Definition","Union (01-28-25, Rejected): Automation defined as replacement of human functions by machines, robots, software, or any technology that diminishes need for human labor."
"Automation","Position Automation Prohibition","Union (01-28-25, Rejected): Cannot automate any GSW position; if position automated or hours reduced, GSW given additional work to make up lost hours."
"Automation","Automated Monitoring Prohibition","Union (01-28-25, Rejected): Cannot automate monitoring of GSW duties, performance, location; exception for security/emergency/disability accommodation/access control if info not misused."
"Automation","Digital Replicas","Union (01-28-25, Rejected): Cannot use digital replica of GSW without consent and separate bargaining; Digital Replica definition references Article XX: Artificial Intelligence."
"Discipline and Dismissal","Just Cause Standard","Union (03-25-25): University shall not discipline or dismiss GSW without just cause."
"Discipline and Dismissal","Academic vs Non-Academic Scope","Union (03-25-25): Academic matters at University sole discretion, not grievable; discipline only for non-academic misconduct with just cause."
"Discipline and Dismissal","Definition of Discipline","Union (03-25-25): Discipline includes written warnings, unpaid suspensions, dismissal/discharge; paid administrative leave permitted without prior notice to investigate."
"Discipline and Dismissal","Initial Remediation","Union (03-25-25): Department/supervisor shall make every effort to address concerns before disciplinary action; no decision at this stage precedential."
"Discipline and Dismissal","Investigatory Notice Requirements","Union (03-25-25): For discharge cases, written notice includes conduct at issue, that discharge being considered, right to Union representative."
"Discipline and Dismissal","Investigatory Meeting Rights","Union (03-25-25): Only for discharge; Union rep can advise GSW; availability cannot delay meeting."
"Discipline and Dismissal","Disciplinary Hearing","Union (03-25-25): GSW told final outcome, evidence, reports, explanation for action; right to Union rep who can represent and speak."
"Discipline and Dismissal","Dismissal Appeal Process","Union (03-25-25): Union files Step 2 grievance within 20 days; University maintains GSW in pay status until decision rendered."
"Discipline and Dismissal","Confidentiality","Union (03-25-25): Confidentiality consistent with FERPA; Union agrees to cooperate with FERPA compliance procedures."
"Employment Records","Definition and Scope","Union (04-11-25): For stipended - appointment letter plus discipline unrelated to academics plus written performance evaluations; for hourly - SEGAF info; excludes FERPA-covered and grievance records."
"Employment Records","Required Information Fields","Union (04-11-25): Different fields for stipended vs hourly; includes NUID, dates, pay, hours, frequency, supervisor, department."
"Employment Records","Access Rights - Timing","Union (04-11-25): Online direct systems access within 6 months of agreement start; once per academic term by request until then."
"Employment Records","Union Representative Access","Union (04-11-25): Access through FERPA release identified in separate article; 1 year validity if not specified."
"Employment Records","Correction and Removal Rights","Union (04-11-25): University 'shall consider' disagreement emails from GSW and 'may adjust' records; email becomes part of record."
"Employment Records","New Materials Notification","Union (04-11-25): Within 2 business days if material added outside normal course of business and systems can accommodate."
"Employment Records","Confidentiality and Law Enforcement","Union (04-11-25): Except when required by lawful subpoena, court order, or other applicable law; University will endeavor to inform GSWs where possible."
"Employment Records","Retention Period","Union (04-11-25): Retained per University policies but no less than 8 years after employment; no disciplinary records post-employment."
"Employment Records","Grievance Rights","Union (04-11-25): Current and former GSWs have right to file grievance alleging violation of this article."
"Employment Records","Discipline Changes in Record","Union (04-11-25): Changes to discipline outcome as result of grievances and arbitration will be reflected in GSW employment record."
"FERPA Waiver Form","Form Purpose and Content","Union (02-18-25): Comprehensive consent form for release of non-directory information to GENU-UAW; includes opt-in or opt-out options; lists 20+ data elements."
"Grievance and Arbitration","Grievance Definition","Union (02-18-25): Grievance is complaint/dispute arising from application or interpretation of specific provision; sole exclusive process for resolving grievances."
"Grievance and Arbitration","Intent and Objective","Union (02-18-25): Objective to encourage prompt resolution; parties make facts available; Union may present policy grievance at any step."
"Grievance and Arbitration","Filing Requirements","Union (02-18-25): Written statement of facts, provisions violated, remedy requested; must be signed/dated by Union rep or electronically filed; 90-day filing deadline."
"Grievance and Arbitration","Informal Resolution","Union (02-18-25): Meet with University rep closest to issue at Union discretion; may terminate at Union discretion; extends filing deadline by days pursued; no precedent."
"Grievance and Arbitration","Step 1 Process","Union (02-18-25): File with Dean and Labor Operations within 90 days; Dean meets within 5 calendar days; Dean decides within 10 calendar days."
"Grievance and Arbitration","Step 2 Process","Union (02-18-25): Appeal to Provost within 21 days; meet within 5 calendar days with Provost and Labor Operations; Provost decides within 10 calendar days."
"Grievance and Arbitration","Arbitration Timeline","Union (02-18-25): Submit to arbitration within 45 days of Step Two response; file with President and Labor Operations."
"Grievance and Arbitration","Arbitration Process and Authority","Union (02-18-25): AAA or Labor Relations Connector rules; decision within 45 days; arbitrator cannot add/subtract/modify terms; costs split equally."
"Grievance and Arbitration","Arbitrator Panel","Union (02-18-25): Standing panel of 17 arbitrators; 90 days to agree; each party may strike 2 per year."
"Grievance and Arbitration","Union Representation Rights","Union (02-18-25): University forwards to Union within 5 calendar days; Union permitted at all meetings; documents sent to Union at filing."
"Grievance and Arbitration","No Retaliation Protection","Union (02-18-25): No reprisal for filing/participating; documents kept separate from personnel files; witnesses released from assignments when necessary."
"Grievance and Arbitration","Time Limits and Procedures","Union (02-18-25): Calendar days counting; mutual agreement for extensions; semester transitions and winter break accommodations."
"Grievance and Arbitration","Expedited Discharge Grievance","Union (02-18-25): File with Campus Contract Administrator within 15 days; meeting within 5 days; response within 5 days."
"Grievance and Arbitration","Release Time for Hearings","Union (02-18-25): Paid leave for arbitration hearings when conflicts cannot be rescheduled, with 15-day advance request; witnesses get paid leave for testimony."
"Grievance and Arbitration","University Grievances Against Union","Union (02-18-25): University may file grievance against Union; present to lead Union Steward within 14 days; if not resolved, may submit to arbitration."
"Health and Safety","Task Safety Definitions","Union (04-11-25): Defines dangerous (threat never mitigated), hazardous (mitigated by training/resources), unsafe (mitigated by training) tasks."
"Health and Safety","Unsafe Conditions Ban","Union (04-11-25): GSW not assigned dangerous tasks; not assigned hazardous/unsafe without required training/resources; University provides safe workplace."
"Health and Safety","Safe Workspace and Refusal Rights","Union (04-11-25): GSW can refuse unsafe work without penalty; if threat exists, resolved promptly; if unable, remote work until resolved; full stipends until resolved."
"Health and Safety","Third Party Fact-Finding","Union (04-11-25): ECOS, OARS, and Union may initiate fact-finding with University payment; expedited arbitration for disputes."
"Health and Safety","PPE Provision","Union (04-11-25): University provides PPE deemed necessary by OSHA or applicable regulations."
"Health and Safety","Ventilation Standards","Union (04-11-25): Meet applicable laws/regulations; 8 ACH, MERV 13+ filters, CDC/OSHA compliance; 6-month implementation."
"Health and Safety","CO2 Monitoring","Union (04-11-25): University provides portable CO2 sensors at no cost upon request; if room exceeds 800 PPM, immediate steps to improve ventilation."
"Health and Safety","Far UV Lighting Study","Union (04-11-25): University and Union study feasibility of installing Far UV lighting to protect from airborne pathogens prior to end of agreement."
"Health and Safety","Workplace Injury Coverage","Union (04-11-25): If workplace injury prevents work, GSW continues receiving tuition/fee waivers for contracted period or up to 2 years; worker's compensation eligible."
"Health and Safety","Temperature Control","Union (04-11-25): Workspaces maintain reasonable temperature 66F-78F; if outside range, resolve problem or provide alternative workspace."
"Health and Safety","Bathroom Access","Union (04-11-25): Map of gender-neutral bathrooms; GSWs not prevented from using bathroom of choice; within building and 5-minute walk if possible."
"Health and Safety","Menstrual Products","Union (04-11-25): University shall routinely provide menstrual products in bathrooms at no cost regardless of gender."
"Health and Safety","Off-Site and International Work","Union (04-11-25): For international work, info through Global Safety webpage; GSWs may decline unsafe locations including US states unsafe for protected classes."
"Health and Safety","First Aid Supplies","Union (04-11-25): Proper first aid kits maintained including basic supplies; workspace-specific items by request; training at no cost per OARS/ECOS."
"Health and Safety","Report Sharing and Data Access","Union (04-11-25): If GSW informs ECOS or OARS, Union informed within 24 hours; past data provided within 15 days if requested."
"Health and Safety","Health and Safety Testing","Union (04-11-25): If GSWs expected to work during outbreak/contamination, University offers relevant tests at no cost until issue resolved."
"Health and Safety","Public Health Notifications","Union (04-11-25): University sends advisories about emergencies; provides N95 masks, medications, tests, vaccinations at no cost each semester."
"Health and Safety","Public Health Testing Requirements","Union (04-11-25): During public health crisis, if testing doesn't satisfy GSW, entitled to remote work or reassignment to comparable remote position."
"Health and Safety","Masking Requests","Union (04-11-25): GSWs may request universal masking in workspaces; if doesn't satisfy, entitled to remote work or reassignment."
"Health and Safety","Infectious Disease Work Policy","Union (04-11-25): Not required to work for 10 days after positive test/symptoms; supervisors may not pressure; use available paid leave; positive test is FMLA condition."
"Holidays","Official Holidays List","Union (12-20-24): 17 specific holidays including New Year's (2 days), MLK, Presidents, Cesar Chavez, Patriots, May Day, Memorial, Juneteenth, July 4, Labor, Indigenous Peoples, Election, Veterans, Thanksgiving (3 days), Dec 24-31."
"Holidays","Calendar Setting Authority","Union (12-20-24): University sets academic calendar and designates official holidays as 'Section 6-university'; Union's 17 holidays in Section 1.A."
"Holidays","Required Holiday Work","Union (12-20-24): May be required in exceptional circumstances; receive overtime rate OR equivalent vacation days; supervisor approval for alternate days."
"Holidays","Stipend Definition","Union (12-20-24): Term 'stipended graduate students' for benefits means 12-month appointment with 20 hours/week."
"Holidays","Holiday Observance Rules","Union (12-20-24): When holiday on Sunday observe Monday, Saturday observe Friday; birthday doesn't follow rule; 1 paid day for new year of choice; up to 5 hours paid time to vote."
"Holidays","Religious and Cultural Holidays","Union (12-20-24): University recognizes religious/cultural holidays not on official list; shall not require work on observed holidays; advance notice requested."
"Holidays","Recesses","Union (12-20-24): Recesses per University and School calendars."
"Holidays","Emergency Closures","Union (12-20-24): When University closed due to emergency, GSWs are released."
"Intellectual Property","Ownership Rights","Union (03-11-25): GSWs governed by University Copyright and Patent policies; IP created solely by GSW not subject to net licensing revenues until exceeds $5000."
"Intellectual Property","Open Source Rights","Union (03-11-25): Where permitted by external funding, GSWs may place work under permissive software licenses."
"Intellectual Property","Plain Language Policies","Union (03-11-25): University will maintain plain-language version of IP-related policies including Copyright and Patent policies for GSWs."
"Intellectual Property","Non-Retaliation","Union (03-11-25): University shall not retaliate against GSW for enforcing IP rights or participating in investigations including plagiarism."
"International Worker Rights","Equal Status Clause","Union (03-11-25): University recognizes right for all GSWs to join union regardless of citizenship, immigration, or documentation status."
"International Worker Rights","Ongoing Communication","Union (03-11-25): LMC discusses international matters; annual OGS meeting or upon significant immigration law changes; parties meet to determine adjustments."
"International Worker Rights","Privacy - Subpoena Notice","Union (03-11-25): University provides 1 calendar day notice to GSW of subpoena or investigation seeking FERPA information."
"International Worker Rights","Privacy - Information Sharing","Union (03-11-25): Will not provide immigration/personal info to ICE without GSW consent except lawful subpoena."
"International Worker Rights","Privacy - Agent Access","Union (03-11-25): Shall not permit federal immigration agent to enter private University property except as required by lawful subpoena or order."
"International Worker Rights","Privacy - Agent Compliance","Union (03-11-25): University makes reasonable efforts to ensure outside agents comply with legal processes when provided prior notice."
"International Worker Rights","Privacy - Valid Warrant Procedures","Union (03-11-25): If served with valid DHS warrant, University requests private setting for questioning GSWs."
"International Worker Rights","Privacy - Investigation Notification","Union (03-11-25): Union educates members to contact Union if aware of investigation; University notifies Union within 1 day after learning."
"International Worker Rights","Privacy - Compliance with Laws","Union (03-11-25): All applicable laws including laws regarding protection of privacy of all Bargaining Unit members."
"International Worker Rights","Equal Workload","Union (03-11-25): International GSWs have same rights under Agreement; protected against discrimination in type, nature, and quantity of work."
"International Worker Rights","Document Provision","Union (03-11-25): University continues practice of promptly providing documents necessary for immigration matters."
"International Worker Rights","Immigration Resources","Union (03-11-25): University maintains list of attorneys and immigration agencies including pro bono; GSWs may choose to contact."
"International Worker Rights","Reimbursement Fund","Union (03-11-25): $675,000 annual fund for international GSW reimbursement; up to $1,800 per event per GSW for visa/legal fees."
"International Worker Rights","Attorney Access","Union (03-11-25): University sponsors immigration clinic once per semester where GSWs may sign up to speak to immigration attorney."
"International Worker Rights","Work Authorization Cooperation","Union (03-11-25): University cooperates with work authorization documentation in timely manner; no loss of seniority/compensation due to name or SSN changes."
"International Worker Rights","ESL Resources","Union (03-11-25): University continues making available ESL resources/classes plus on-campus ESL tutoring; support through OGS and relevant offices."
"International Worker Rights","Inability to Return to US","Union (03-11-25): If GSW unable to return due to immigration status, University considers reasonable efforts to arrange remote work when legally permissible."
"International Worker Rights","Loss of Work Authorization","Union (03-11-25): If GSW no longer authorized in US, University assists with continuing education at international Northeastern campus including timely transcripts."
"International Worker Rights","Expedited Grievances for Visa Issues","Union (03-11-25): If visa/employment status threatened, Union may utilize expedited grievance procedure; University refrains from status changes until resolved."
"International Worker Rights","Existing Benefits Protection","Union (03-11-25): All existing tools, advising, benefits maintained for life of agreement or replaced with similar equivalents."
"International Worker Rights","Insurance Benefits Equality","Union (03-11-25): International GSWs given same insurance benefits as non-international GSWs subject to admission/funding commitment terms."
"International Worker Rights","Work Authorization Response Time","Union (03-11-25): Visa work authorization (CPT, OPT, STEM OPT, I-20) processed within 15 business days; OGS creates process for emergency/urgent requests."
"Job Postings","Open Position Definition","University (03-11-25): Webpage by September 2025 for colleges to post teaching or research positions for eligible GSWs who lost funding."
"Job Postings","Central Website Requirements","University (03-11-25): Unified webpage by September 1, 2025 for all hourly and stipended GSWs; clearly posted on SEGAF; units link to it; post within 15 days of vacancy."
"Job Postings","Posting Content Requirements","University (03-11-25): 15 items including title, dates, department, terms, scope, schedule, contact, CBA statement with link, anti-discrimination, DEI contacts, retention statement."
"Job Postings","Applicant Notification","University (03-11-25): Inform status through email updates; notify unsuccessful as soon as possible but no later than 7 business days after acceptance."
"Job Postings","Selection Procedures and Timelines","University (03-11-25): No tuition cost in hiring decisions; extend offers within 3 weeks; offers via website with email including benefits information."
"Management Rights","University Academic and Management Rights","University (06-18-24): Comprehensive 24-point enumeration of exclusive University rights including operations, workforce, assignments, evaluation, discipline, facilities, calendar, budgeting, tuition, academic standards."
"Past Practices / No Past Practices","Past Practice Protection","University (02-18-25): Benefits not specified in agreement do not create rights; economic benefits may continue at University discretion throughout Agreement life."
"Past Practices / No Past Practices","No Past Practice Doctrine","University (02-18-25): Article titled 'NO PAST PRACTICE' - practices not binding on University; changes only by written agreement signed by authorized agents."
"Past Practices / No Past Practices","Economic Benefits Continuation","University (02-18-25): Economic benefits and terms in effect may continue at the discretion of the University."
"Comprehensive and Complete Agreement","Waiver of Bargaining Rights","University (09-19-24): Parties had unlimited right to make demands; waive right to bargain on Agreement-covered subjects for life of Agreement; changes only by written agreement."
"Comprehensive and Complete Agreement","Legal Fee Provision","University (09-19-24): If party brings legal action asserting failure to bargain over covered subject, that party pays costs and legal fees of defending party."
"No Strike No Lockout","Strike Prohibition","University (07-16-24): Union will not cause/support strikes, sympathy strikes, stoppages, slowdowns, withholding grades, or interference with University operations."
"No Strike No Lockout","Strike Violation Discipline","University (07-16-24): Members engaging in prohibited conduct subject to discipline including discharge; no grievance recourse except to contest participation."
"No Strike No Lockout","Union Obligations During Strike","University (07-16-24): Union must immediately inform members to cease prohibited actions; distribute written notice within 24 hours that stoppage not authorized."
"No Strike No Lockout","University Legal Rights","University (07-16-24): Nothing waives University's right to legal/equitable relief in court for violation of article."
"No Strike No Lockout","Lockout Prohibition","University (07-16-24): University agrees not to lock out unit members during term of Agreement or any extension."
"Professional Development","Importance Statement","Union (03-25-25): University and Union agree professional development opportunities may be important to GSWs."
"Professional Development","On-Campus Opportunities","Union (03-25-25): University shall continue practice of making opportunities available to GSWs and other graduate students free of charge."
"Professional Development","Annual Funding Amount","Union (03-25-25): GSWs access up to $750/year for scholarly/educational/professional purposes with advisor/supervisor approval."
"Professional Development","Funding Mechanism","Union (03-25-25): All GSWs given access to Concur for approved reimbursement; requests require written approval; denials don't count against limit unless discriminatory."
"Professional Development","Existing Programs Protection","Union (03-25-25): PhD travel funding for FY24-25 continues; professional development funds continue throughout Agreement; if diminished/eliminated, must negotiate impacts."
"Training","Training Importance and Authority","Union (03-25-25): University and Union agree training may be important; University maintains support for programs it determines necessary."
"Training","Required Training Provision","Union (03-25-25): University provides all necessary training; covers costs; GSWs paid at current rate provided not in addition to stipend/hourly."
"Training","Training Notification","Union (03-25-25): Notify of required training as part of appointment notification or as soon as practicable in advance."
"Training","Union Review and Input","Union (03-25-25): Union may make recommendations on training concerns."
"Training","Optional Additional Training","Union (03-25-25): GSW or Union may propose additional training for good-faith consideration; if approved, University covers costs."
"Training","Professional Licensing","Union (03-25-25): Allowed time off at pay for University-required licensing; may request time off for degree-related or conference travel, not precedential."
"Union Officers and Stewards","Union Stewards","University (03-25-25): Union may designate stewards appropriate to unit size; reasonable release time to process grievances and act as Union rep."
"Union Officers and Stewards","Bargaining Committee Release Time","University (03-25-25): University provides reasonable release time when necessary for bargaining committee during negotiating CBA."
"Union Officers and Stewards","Official Points of Contact","University (03-25-25): University works with stewards and bargaining committee members as Union representatives for grievances per CBA provisions."
"Union Officers and Stewards","Timeline Extensions for Officers","University (03-25-25): Union officers may apply for extension of statute of limitations up to 3 years; decision appealable; neither shall unreasonably deny."
"Union Officers and Stewards","Stipended Union Positions","University (03-25-25): 3 GSWs of Union's choosing get released time at average TA stipend year-round with tuition waivers; Union supervised; not counted in department limits."
"Union Officers and Stewards","Meeting Space","University (03-25-25): University will make available suitable meeting space for general Union membership meetings up to twice per month upon request."
"Professional and Academic Freedom","Academic Freedom Rights","Union (03-11-25): References AAUP 1940 Statement; freedom from political pressure; discretion over research/teaching for sole/first authors or IoR; coordinate with supervisors where directly supervised."
"Professional and Academic Freedom","Political Expression","Union (03-11-25): GSWs may freely express political beliefs/affiliations in work environment consistent with Article XX anti-discrimination provisions."
"Professional and Academic Freedom","Academic Retaliation Prohibition","Union (03-11-25): University shall not retaliate in academic form for exercising Agreement rights; includes targeting grades, assessments, recommendations, opportunities."
"Professional and Academic Freedom","Arbitrator Qualifications","Union (03-11-25): Addressed using Grievance and Arbitration process in Article XX as sole means of addressing violations."
"Professional and Academic Freedom","Extramural Pursuits","Union (03-11-25): No restraint on extramural pursuits; right to express as society/field members; right to assemble/protest; right to petition on governance without retaliation."
"Prohibition Against Discrimination and Harassment","Non-Discrimination","Union (04-11-25): Equal opportunity; no discrimination on 20 categories including race, caste, native language, sex, gender identity, political affiliation, union activities; failing to provide accommodation is discrimination."
"Prohibition Against Discrimination and Harassment","Reasonable Accommodations","Union (04-11-25): Failing to provide reasonable accommodation is discrimination (incorporated into non-discrimination definition)."
"Prohibition Against Discrimination and Harassment","Sexual Harassment","Union (04-11-25): University committed to safe environment; sexual harassment includes quid pro quo (occurs when offered regardless of acceptance), denies equal access, or sexual assault/violence/stalking."
"Prohibition Against Discrimination and Harassment","Abusive Behavior","Union (04-11-25): No tolerance for bullying - repeated health-harming mistreatment; includes 7 behaviors: slandering, name-calling, harmful jokes, abusive remarks, public humiliation, unreasonable exclusion, constant criticism."
"Prohibition Against Discrimination and Harassment","Gender Identity","Union (04-11-25): Support for transgender/nonbinary/gender non-conforming; update employment AND student records on request including persistent identifiers; no legal docs required except where law requires."
"Prohibition Against Discrimination and Harassment","Disability and Health Protections","Union (04-11-25): Right to workplace free from harassment; intentional/negligent behavior to harm health is discrimination including causing illness, disregarding needs, tampering with accommodations, mocking status."
"Prohibition Against Discrimination and Harassment","Immigration Status","Union (04-11-25): University committed to safe/welcoming environment regardless of immigration status; will notify Union if learns of investigation; won't infringe privacy without consent."
"Prohibition Against Discrimination and Harassment","Academic School of Thought","Union (04-11-25): No GSW denied appointment based on academic school of thought."
"Prohibition Against Discrimination and Harassment","Supervisor Misconduct","Union (04-11-25): Discrimination, sexual harassment/misconduct, abusive behavior, power-based harassment by supervisors prohibited when interferes with employment participation."
"Prohibition Against Discrimination and Harassment","Retaliation","Union (04-11-25): Retaliation forbidden for good faith reports/participation in investigations; includes threatening, intimidating, harassing, coercing, discouraging from protected activity."
"Prohibition Against Discrimination and Harassment","Interim Remedies","Union (04-11-25): During investigations, remedies include different workstation/schedule/location/supervisor; decision within 2 business days; if not immediate, timeline within 5 business days."
"Prohibition Against Discrimination and Harassment","Grievance Timeline","Union (04-11-25): GSW has 365 days to file grievance for harassment or discrimination cases."
"Prohibition Against Discrimination and Harassment","Code of Conduct Update","Union (04-11-25): NU Code of Student Conduct updated at start of agreement to include Sections 1-10 commitments for all students and employees."
"Recognition","Union Recognition","University (03-25-25): University recognizes UAW and GENU-UAW as exclusive bargaining representative for employees in bargaining unit."
"Recognition","Bargaining Unit Composition","University (03-25-25): All grad students providing instructional/research services; performing degree work not excluded; excluded: undergrads, fellows, managers, guards, supervisors."
"Recognition","Fellows","University (03-25-25): Fellows are grad students with funding but no work requirement; grad students with funding and work requirement should not be given fellow title; fellows with work requirements included."
"Recognition","Stipended Graduate Students Definition","University (03-25-25): Term 'stipended graduate students' means PhD students funded by SGA."
"Recognition","Coverage During Non-Employment","University (03-25-25): In academic terms where grad student does not hold covered position, not covered by CBA for that term."
"Sub-Contracting","Work Contracting Prohibition","Union (03-15-24): No work ordinarily performed by or which could be performed by employee covered by Agreement shall be contracted out to person not covered."
"Sub-Contracting","Automation Prohibition","Union (03-15-24): No work shall be automated including AI or duplication/future use of GSW work product (text, audio, video) created in course of work."
"Successorship","Binding on Successors","Union (01-28-25, Rejected): Agreement binding upon successors and assignees; no changes to provisions by change in ownership or management of either party."
"Titles and Classifications","Detailed Classification System","Union (03-25-25): 5 salaried positions (TA, IoR, RA, RA2, Fellow similar to RA) and 8 hourly positions with detailed duty descriptions."
"Titles and Classifications","Head TA/RA Positions","Union (03-25-25): Supervisors may designate Head TA or Head RA with additional administrative duties; designation comes with additional compensation."
"Titles and Classifications","Classification Modification Process","Union (03-25-25): No modifications to classifications unless agreed by both parties; Administration reports new classifications within 30 days."
"Titles and Classifications","Salary to Hourly Conversion Protection","Union (03-25-25): Not intent to convert salaried to hourly; such modifications not made unless agreed by both parties."
"Workspace and Materials","Workspace Access - Determination Authority","University (03-25-25): University provides free access to services/materials/facilities University and/or supervisor determines necessary; different provisions for hourly workers by hours worked."
"Workspace and Materials","Workspace Access - Desk/Office Space Assignment","University (03-25-25): Individually assigned desk/office for stipended GSWs and hourly working 15+ hours/week; hourly under 15 hours get dedicated shared space; outside hazardous areas."
"Workspace and Materials","Workspace Access - Lockable Space","University (03-25-25): Desk/office must be lockable and secured as other areas; GSWs have access to their assigned space for full work day and after hours."
"Workspace and Materials","Private Locations","University (03-25-25): Access to private locations for grading, office hours, confidential materials; may use Teams/Zoom if no appropriate meeting location."
"Workspace and Materials","Shared Workspaces","University (03-25-25): University shall not require stipended GSWs and hourly 15+ hours to share workspace without agreement; may volunteer to share; remote work accommodated if volunteer."
"Workspace and Materials","Additional Work Materials","University (03-25-25): Request materials from advisor/supervisor/PI; supervisor-approved materials provided timely; no penalty for lack of access; reimbursed within 14 days; 90-day submission window."
"Workspace and Materials","Protective Equipment - Requirements and Provision","University (03-25-25): If University or Union determines PPE required, University furnishes at no cost following ECOS/OARS protocol; GSWs must adhere to safety policies."
"Workspace and Materials","Protective Equipment - Mask/Respirator Rights","University (03-25-25): GSWs not restricted from wearing protective mask/respirator; may wear any PPE including masks consistent with applicable policies."
"Workspace and Materials","Protective Equipment - Prescription Safety Eyewear","University (03-25-25): If lab requires goggles, GSW with prescription may request prescription safety goggles if interfere with vision per supervisor/OARS determination; no cost."
"Workspace and Materials","Ergonomic Equipment - Request Process","University (03-25-25): May request through OARS/ECOS with copy to supervisor; must be provided upon request; requests not unreasonably denied."
"Workspace and Materials","Ergonomic Equipment - Evaluations","University (03-25-25): Ergonomic and safety evaluations/training offered by OARS/ECOS available to all GSWs."
"Workspace and Materials","Ergonomic Workplace Design","University (03-25-25): University will continue to incorporate accepted ergonomic practices into new and existing workplace/workstation designs."
"Workspace and Materials","Remote Work - Policy Restrictions","University (03-25-25): University shall not require specific attendance beyond task needs; neither University nor supervisor unreasonably deny remote requests including medical/disability accommodations."
"Workspace and Materials","Remote Work - Accommodation Situations","University (03-25-25): University accommodates all remote/online work requests without medical documentation for: GSW requests, lack of space, University requirement, medical recommendation."
"Workspace and Materials","Moving Office or Lab","University (03-25-25): University notifies GSWs 30 days before move/alteration for stipended students; uses facilities/moving companies; GSWs not expected to move materials if notify supervisor."
"Workspace and Materials","Afterhours Workspaces","University (03-25-25): University will make every attempt to schedule evening courses in buildings with other activities."
"Housing","Minimum On-Campus Housing Units","Union (12-20-24, Rejected): University shall maintain minimum on-campus housing units equal to 10% of total GSWs for duration of Agreement."
"Housing","Priority for Housing","Union (12-20-24, Rejected): Priority given to GSWs from more than 1,500 miles away, with families, or with disabilities."
"Housing","Accessibility Coordination","Union (12-20-24, Rejected): HRL works with DAS and Parent/Family Programs to ensure GSWs with disabilities or families obtain housing meeting accommodation needs."
"Housing","Maintenance and Condition","Union (12-20-24, Rejected): HRL ensures all units cleaned, renovated, facilities in good condition prior to move-in; additional maintenance performed timely."
"Housing","Safety Standards","Union (12-20-24, Rejected): HRL ensures bedrooms have locks, basic furnishings, standard outlets, safety devices (smoke/carbon monoxide detectors) as required by law."
"Housing","Housing Cost Cap","Union (12-20-24, Rejected): Graduate housing costs including utilities and WiFi shall be no greater than 20% of GSW minimum salary level."
"Housing","Housing Resources Page","Union (12-20-24, Rejected): Northeastern maintains housing resources page including off-campus rentals, rental rights/legal services, centralized roommate finder, on-campus options."
"Parking and Transit","Article Framework","University (08-26-24): Bargaining unit members have access to and may choose from parking and transit benefit options outlined in this Article."
"Parking and Transit","Parking","University (08-26-24): Access to opportunities to park on campus through parking options offered to students through University parking vendor, MassParc."
"Parking and Transit","Transit","University (08-26-24): May take advantage of discounted MBTA passes offered to students at University."
"Parking and Transit","Biking","University (08-26-24): Eligible for bicycle benefits and access to bike facilities on same basis as offered to other students at University."
"Relocation Assistance","One-Time Relocation Stipend","Union (08-02-24): All GSWs employed shall be provided one-time relocation stipend of $6,000 upon hiring."
"Retirement","Retirement Plan - Participation and Contribution","Union (08-02-24): Immediate eligibility upon first appointment; University contributes 10% of eligible compensation each paycheck; GSWs may contribute as allowed by law."
"Retirement","Supplemental Retirement Plan","Union (08-02-84): All GSWs eligible immediately for supplemental retirement plan allowing pre-tax income contributions toward retirement."
"Tax Assistance","Reimbursement for Tax Assistance","Union (08-02-24): University reimburses each GSW up to $600 for documented expenses related to tax assistance from licensed professional or software each tax year."
"Tax Assistance","Documentation Provision","Union (08-02-24): University provides GSWs with all documentation necessary to file taxes in timely manner."
"Tax Assistance","Voluntary Withholding Option","Union (08-02-24): University provides GSWs with option to voluntarily withhold portion of income for tax purposes."
"Tax Assistance","Directory of Licensed Professionals","Union (08-02-24): University maintains and provides directory of licensed professionals indicating expertise filing taxes for international students."
"Tuition and Fees","Tuition Remission - Provision","Union (08-02-24): Tuition remission provided to all GSWs."
"Tuition and Fees","Tuition Remission - Maintenance During Leaves","Union (08-02-24): Tuition remission maintained through internships, co-ops, or paid and unpaid leaves of any type."
"Tuition and Fees","Tuition Remission - University Burden","Union (08-02-24): Tuition remission sole burden of University; no forms or administrative burden placed on GSW to fulfill this benefit."
"Tuition and Fees","Tuition Remission - Automatic Registration","Union (08-02-24): Upon completion of required coursework, salaried GSWs automatically registered into appropriate courses for degree continuation to maintain full-time status."
"Tuition and Fees","Fee Remission - Covered Fees","Union (08-02-24): All GSWs receive remission for all fees including Health & Counseling, Graduate Student Activity, Recreation, Student Center, International Student Fees."
"Tuition and Fees","Remittance Timeline","Union (08-02-24): Tuition and fees remitted from GSW's account upon appointment; GSWs should not receive billing notifications for remitted tuition and fees."
"Tuition and Fees","No Additional Fees","Union (08-02-24): For duration of agreement, no additional fees imposed on GSWs except by mutual agreement of Union and University."
"Vacation and Personal Time","Vacation Days - Stipended Students Structure","University (08-26-24): Stipended students get 2 days off per semester (fall/spring), 1 per summer term; approved at least two weeks in advance; may not require class/lab cancellation."
"Vacation and Personal Time","Vacation Days - Additional Time Requests","University (08-26-24): Students may request additional time with supervisor; at discretion of supervisor/college; no precedent created for similar arrangements."
"Vacation and Personal Time","Vacation Days - Use and Carryover","University (08-26-24): Time off must be used during term; will not carry over into succeeding term."
"Vacation and Personal Time","Vacation Days - First Month Restriction","University (08-26-24): May not use both days together within first month of appointment except as allowed by supervisor."
"Vacation and Personal Time","Personal Time - Accrual and Approval","University (08-26-24): Up to 3 paid personal days per academic year; accrue 1 per semester worked; carry over within year but not to following year; two weeks advance approval required."
"Vacation and Personal Time","Hourly Workers","University (08-26-24): No vacation provisions for hourly GSWs in University proposal."
"Travel","Advance Payment System","Union (03-25-25): University directly pays in advance for lodging, transportation, conference fees; per diem at GSA/State Dept rates with 14 days notice via digital form; through NUCard and Concur."
"Travel","Reimbursement Process","Union (03-25-25): Expenses not paid in advance reimbursed via direct deposit within 30 days of submission; 60-day deadline from date expense paid/incurred for submitting requests."
"Travel","Travel Insurance Coverage","Union (03-25-25): University provides personal/emergency health insurance for work-related travel with 14 days notice; includes Procurement Services rates, property insurance, trip cancellation."
"Travel","Emergency Medical Travel","Union (03-25-25): Emergency medical expenses covered by University or health insurance provider when certification from healthcare provider presented; no pre-approval required."
"Travel","Emergency Repatriation and Evacuation","Union (03-25-25): University covers emergency repatriation/evacuation during GSW travel; coverage exceeds consulate minimums with no deductible."
"Union Access and Rights","Meeting Space","University (03-25-25): Available at no cost on same terms as other campus organizations; subject to availability; may not disrupt operations; University reserves right to limit/revoke."
"Union Access and Rights","Union Representative Campus Access","University (03-25-25): Non-student reps provide reasonable advance notice; requests for contract servicing meetings shall not be unreasonably denied."
"Union Access and Rights","Bargaining Unit Representative List","University (03-25-25): Within 30 days of semester start and whenever updated, Union provides list of authorized representatives for grievances and bargaining unit work."
"Union Access and Rights","Communication Methods","University (03-25-25): College mailboxes may be utilized by Union; Union has access to one bulletin board per college subject to posting policies."
"Union Access and Rights","New PhD Orientation Materials","University (03-25-25): University provides Union-supplied materials to newly admitted stipended students in PhD orientation packet; 30-day advance notice to Union."
"Union Access and Rights","Campus Orientation Notification and Speaking Time","University (03-25-25): University notifies Union of campus-wide GSW orientations ASAP but no later than one week before; Union gets 30 minutes at campus-wide, 20 minutes at college/departmental."
"Union Access and Rights","Representation Rights","University (03-25-25): GSWs reserve right to Union representation in any proceeding implicating work status including cases where student status may be at risk."
"Union Access and Rights","Basic Bargaining Unit Information - Timing","University (03-25-25): Within 30 days after start of each semester, University provides basic info to extent permitted by FERPA."
"Union Access and Rights","Basic Bargaining Unit Information - Data Points","University (03-25-25): Name, home address (city/state/country only), major field of study, college."
"Union Access and Rights","FERPA Waiver Additional Information - Timing","University (03-25-25): Within 30-day period for those who submitted FERPA waiver by semester start, if info in University's possession."
"Union Access and Rights","FERPA Waiver Additional Information - Data Points","University (03-25-25): NU ID, home street address/city/state, cell phone, email, appointment title/department, home department, stipend/hourly rate, status, college, supervisor."
"Union Access and Rights","FERPA Release Form Process","University (03-25-25): University maintains link to FERPA Release Form that can be accessed online; contents determined by University, subject to change consistent with FERPA."
"Union Security","Membership or Agency Fee Requirement","Union (02-18-25): As condition of employment, GSWs must join Union or pay agency fee within 30 days; agency fee equivalent to dues; Union provides formula."
"Union Security","Joint Notification of Obligation","Union (02-18-25): Upon ratification, University and Union jointly notify GSWs of obligation; notice includes membership application and dues authorization from Appendix."
"Union Security","Notification at Hire","Union (02-18-25): University notifies each GSW at hire of obligation to pay dues/agency fees; notifies Union of new hires within a week."
"Union Security","Dues Deduction Process","Union (02-18-25): Upon Union notification of authorization, University deducts dues/fees from each paycheck; remits with electronic list including name, NUID, email, department, amount, wages."
"Union Security","Cancellation Process","Union (02-18-25): Payroll deduction can be changed by following Union process; Union notifies University of changed memberships within 10 days of receipt."
"Union Security","Transmission to Union","Union (02-18-25): University electronically transmits all dues and agency fees on first working day after each payday."
"Union Security","Union Indemnification","Union (02-18-25): Union indemnifies University from claims/actions/proceedings arising from deductions under Union direction."
"Union Security","Termination for Non-Payment","Union (02-18-25): Failure to pay required dues/fees is cause for termination; University provides 30 days written notice before Union requests termination."
"Union Security","VCAP Form Provision","Union (02-18-25): University furnishes UAW V-CAP authorization form as part of standard payroll enrollment process."
"Union Security","Dues Change Notification","Union (02-18-25): Union notifies University at least 30 days prior to any change in dues/agency fees amount; provides formula for calculating."
"Union Security","Correction of Deduction Errors","Union (02-18-25): Union reports missing/incorrect deductions; University corrects errors as soon as practicable after being informed in writing."
"Bargaining Ground Rules","Recording Prohibition","Union (01-25-24): There shall be no audio or video recording of any negotiations."
"Bargaining Ground Rules","Student Bargaining Committee Work Hours","University (02-16-24): Student Bargaining Committee members represent that they will not participate in negotiations during their work hours."
"Bargaining Ground Rules","Session Length","Union (01-25-24): Length of bargaining sessions limited to 2 hours unless extended by mutual agreement of parties."
"Bargaining Ground Rules","Session Frequency","Union (01-25-24): Once negotiations begun, sessions take place at least once every 2 weeks until complete agreement reached; dates by mutual agreement."
"Bargaining Ground Rules","Written Proposals","University (02-16-24): Whenever possible, proposals submitted in writing and provided in electronic format."
"Bargaining Ground Rules","Location and Caucus Space","University (02-16-24): University identifies location for bargaining ASAP in advance; provides private caucus location for Union; Union may request alternate location."
"Bargaining Ground Rules","Primary Contact Designation","University (02-16-24): Each party designates one person as primary contact for communications when not meeting; communications to nugradworkers@gmail.com and s.merrill@northeastern.edu."
"Bargaining Ground Rules","Bargaining Notes","Union (01-25-24): Neither party obligated to produce copies of bargaining notes or minutes to other party."
"Bargaining Ground Rules","Package Agreement","Union (01-25-24): There shall be no agreement on any one item unless final agreement on all items."
"Bargaining Ground Rules","Redlining Counter-Proposals","University (02-16-24): Any counter-proposals shall be redlined so clear what changes are being proposed."
"Bargaining Ground Rules","Observers","University (02-16-24): Bargaining limited to bargaining team/committee of each party; observers not allowed except by mutual agreement."